{"cameraMode":{"drawMode":0,"name":"Shaded","section":"Shading Mode"},"sceneLighting":false,"audioPlay":false,"sceneViewState":{"m_AlwaysRefresh":false,"showFog":true,"showSkybox":false,"showFlares":true,"showImageEffects":true,"showParticleSystems":true,"showVisualEffectGraphs":true,"m_FxEnabled":true},"in2DMode":false,"pivot":{"x":38.28464126586914,"y":0.2399677038192749,"z":-18.178308486938478},"rotation":{"x":0.18976359069347382,"y":-0.17414641380310059,"z":0.03332560509443283,"w":0.9660503268241882},"size":7.754489898681641,"orthographic":true}