{"cameraMode":{"drawMode":0,"name":"Shaded","section":"Shading Mode"},"sceneLighting":false,"audioPlay":false,"sceneViewState":{"m_AlwaysRefresh":false,"showFog":true,"showSkybox":false,"showFlares":true,"showImageEffects":true,"showParticleSystems":true,"showVisualEffectGraphs":true,"m_FxEnabled":true},"in2DMode":false,"pivot":{"x":68.86663818359375,"y":12.167594909667969,"z":-30.551956176757814},"rotation":{"x":0.010360623709857464,"y":0.9457995295524597,"z":-0.32323238253593447,"w":0.0303958747535944},"size":27.39888572692871,"orthographic":false}