{"cameraMode":{"drawMode":0,"name":"Shaded","section":"Shading Mode"},"sceneLighting":false,"audioPlay":false,"sceneViewState":{"m_AlwaysRefresh":false,"showFog":true,"showSkybox":false,"showFlares":true,"showImageEffects":true,"showParticleSystems":true,"showVisualEffectGraphs":true,"m_FxEnabled":true},"in2DMode":false,"pivot":{"x":-13.747997283935547,"y":12.949023246765137,"z":-20.542774200439454},"rotation":{"x":0.08235972374677658,"y":-0.8035171627998352,"z":0.11425931006669998,"w":0.5784594416618347},"size":3.118328332901001,"orthographic":false}