{"cameraMode":{"drawMode":0,"name":"Shaded","section":"Shading Mode"},"sceneLighting":false,"audioPlay":false,"sceneViewState":{"m_AlwaysRefresh":false,"showFog":true,"showSkybox":false,"showFlares":true,"showImageEffects":true,"showParticleSystems":true,"showVisualEffectGraphs":true,"m_FxEnabled":true},"in2DMode":false,"pivot":{"x":0.17265725135803224,"y":1.5436348915100098,"z":-11.335624694824219},"rotation":{"x":0.001993907382711768,"y":0.9979994893074036,"z":-0.04275206848978996,"w":0.0470593236386776},"size":6.061271667480469,"orthographic":false}