{"cameraMode":{"drawMode":0,"name":"Shaded","section":"Shading Mode"},"sceneLighting":false,"audioPlay":false,"sceneViewState":{"m_AlwaysRefresh":false,"showFog":true,"showSkybox":false,"showFlares":true,"showImageEffects":true,"showParticleSystems":true,"showVisualEffectGraphs":true,"m_FxEnabled":true},"in2DMode":false,"pivot":{"x":-0.018024444580078126,"y":0.5200001001358032,"z":0.00391077995300293},"rotation":{"x":0.13452139496803285,"y":0.7984179258346558,"z":-0.19400654733181,"w":0.5540374517440796},"size":4.0947370529174809,"orthographic":false}