{"cameraMode":{"drawMode":0,"name":"Shaded","section":"Shading Mode"},"sceneLighting":false,"audioPlay":false,"sceneViewState":{"m_AlwaysRefresh":false,"showFog":true,"showSkybox":false,"showFlares":true,"showImageEffects":true,"showParticleSystems":true,"showVisualEffectGraphs":true,"m_FxEnabled":true},"in2DMode":false,"pivot":{"x":0.46779489517211916,"y":2.6528520584106447,"z":3.020740509033203},"rotation":{"x":0.13661716878414155,"y":-0.8071922659873962,"z":0.20547623932361604,"w":0.5363275408744812},"size":3.7541489601135256,"orthographic":false}