{"cameraMode":{"drawMode":0,"name":"Shaded","section":"Shading Mode"},"sceneLighting":false,"audioPlay":false,"sceneViewState":{"m_AlwaysRefresh":false,"showFog":true,"showSkybox":false,"showFlares":true,"showImageEffects":true,"showParticleSystems":true,"showVisualEffectGraphs":true,"m_FxEnabled":true},"in2DMode":false,"pivot":{"x":-0.08945631980895996,"y":-0.009825944900512696,"z":0.37514811754226687},"rotation":{"x":0.14295893907546998,"y":-0.7666728496551514,"z":0.18295389413833619,"w":0.5986596941947937},"size":1.7332603931427003,"orthographic":false}