{"cameraMode":{"drawMode":0,"name":"Shaded","section":"Shading Mode"},"sceneLighting":true,"audioPlay":false,"sceneViewState":{"m_AlwaysRefresh":false,"showFog":true,"showSkybox":true,"showFlares":true,"showImageEffects":true,"showParticleSystems":true,"showVisualEffectGraphs":true,"m_FxEnabled":true},"in2DMode":false,"pivot":{"x":36.69089126586914,"y":20.87689781188965,"z":-18.727203369140626},"rotation":{"x":0.43070298433303835,"y":-0.02720647305250168,"z":0.01186083909124136,"w":0.9023350477218628},"size":69.26846313476563,"orthographic":true}